StagingRef,Discount Type Name (Lookup to discount type),Service Item Type staging ref
DT001-SI0001,DT001,SI0001
DT001-SI0010,DT001,SI0010
DT001-SI0011,DT001,SI0011
DT001-SI0002,DT001,SI0002
DT001-SI0003,DT001,SI0003
DT001-SI0004,DT001,SI0004
DT001-SI0005,DT001,SI0005
DT001-SI0006,DT001,SI0006
DT001-SI0007,DT001,SI0007
DT001-SI0008,DT001,SI0008
DT001-SI0009,DT001,SI0009
DT001-SI0014,DT001,SI0014
DT001-SI0016,DT001,SI0016
DT001-SI0017,DT001,SI0017
DT001-SI0018,DT001,SI0018
DT001-SI0019,DT001,SI0019
DT001-SI0020,DT001,SI0020
DT001-SI0021,DT001,SI0021
DT001-SI0022,DT001,SI0022
DT001-SI0023,DT001,SI0023
DT002-SI0001,DT002,SI0001
DT002-SI0010,DT002,SI0010
DT002-SI0011,DT002,SI0011
DT002-SI0002,DT002,SI0002
DT002-SI0003,DT002,SI0003
DT002-SI0004,DT002,SI0004
DT002-SI0005,DT002,SI0005
DT002-SI0006,DT002,SI0006
DT002-SI0007,DT002,SI0007
DT002-SI0008,DT002,SI0008
DT002-SI0009,DT002,SI0009
DT002-SI0014,DT002,SI0014
DT002-SI0016,DT002,SI0016
DT002-SI0017,DT002,SI0017
DT002-SI0018,DT002,SI0018
DT002-SI0019,DT002,SI0019
DT002-SI0020,DT002,SI0020
DT002-SI0021,DT002,SI0021
DT002-SI0022,DT002,SI0022
DT002-SI0023,DT002,SI0023
DT003-SI0001,DT003,SI0001
DT003-SI0010,DT003,SI0010
DT003-SI0011,DT003,SI0011
DT003-SI0002,DT003,SI0002
DT003-SI0003,DT003,SI0003
DT003-SI0004,DT003,SI0004
DT003-SI0005,DT003,SI0005
DT003-SI0006,DT003,SI0006
DT003-SI0007,DT003,SI0007
DT003-SI0008,DT003,SI0008
DT003-SI0009,DT003,SI0009
DT003-SI0014,DT003,SI0014
DT003-SI0016,DT003,SI0016
DT003-SI0017,DT003,SI0017
DT003-SI0018,DT003,SI0018
DT003-SI0019,DT003,SI0019
DT003-SI0020,DT003,SI0020
DT003-SI0021,DT003,SI0021
DT003-SI0022,DT003,SI0022
DT003-SI0023,DT003,SI0023
DT004-SI0001,DT004,SI0001
DT004-SI0010,DT004,SI0010
DT004-SI0011,DT004,SI0011
DT004-SI0002,DT004,SI0002
DT004-SI0003,DT004,SI0003
DT004-SI0004,DT004,SI0004
DT004-SI0005,DT004,SI0005
DT004-SI0006,DT004,SI0006
DT004-SI0007,DT004,SI0007
DT004-SI0008,DT004,SI0008
DT004-SI0009,DT004,SI0009
DT004-SI0014,DT004,SI0014
DT004-SI0016,DT004,SI0016
DT004-SI0017,DT004,SI0017
DT004-SI0018,DT004,SI0018
DT004-SI0019,DT004,SI0019
DT004-SI0020,DT004,SI0020
DT004-SI0021,DT004,SI0021
DT004-SI0022,DT004,SI0022
DT004-SI0023,DT004,SI0023
DT005-SI0001,DT005,SI0001
DT005-SI0010,DT005,SI0010
DT005-SI0011,DT005,SI0011
DT005-SI0002,DT005,SI0002
DT005-SI0003,DT005,SI0003
DT005-SI0004,DT005,SI0004
DT005-SI0005,DT005,SI0005
DT005-SI0006,DT005,SI0006
DT005-SI0007,DT005,SI0007
DT005-SI0008,DT005,SI0008
DT005-SI0009,DT005,SI0009
DT005-SI0014,DT005,SI0014
DT005-SI0016,DT005,SI0016
DT005-SI0017,DT005,SI0017
DT005-SI0018,DT005,SI0018
DT005-SI0019,DT005,SI0019
DT005-SI0020,DT005,SI0020
DT005-SI0021,DT005,SI0021
DT005-SI0022,DT005,SI0022
DT005-SI0023,DT005,SI0023
DT006-SI0054,DT006,SI0054
DT006-SI0055,DT006,SI0055
DT006-SI0048,DT006,SI0048
DT006-SI0049,DT006,SI0049
DT006-SI0050,DT006,SI0050
DT006-SI0051,DT006,SI0051
DT006-SI0052,DT006,SI0052
DT006-SI0053,DT006,SI0053
DT006-SI0062,DT006,SI0062
DT006-SI0063,DT006,SI0063
DT006-SI0056,DT006,SI0056
DT006-SI0057,DT006,SI0057
DT006-SI0058,DT006,SI0058
DT006-SI0059,DT006,SI0059
DT006-SI0060,DT006,SI0060
DT006-SI0061,DT006,SI0061
DT006-SI0070,DT006,SI0070
DT006-SI0071,DT006,SI0071
DT006-SI0064,DT006,SI0064
DT006-SI0065,DT006,SI0065
DT006-SI0066,DT006,SI0066
DT006-SI0067,DT006,SI0067
DT006-SI0068,DT006,SI0068
DT006-SI0069,DT006,SI0069
DT006-SI0078,DT006,SI0078
DT006-SI0079,DT006,SI0079
DT006-SI0072,DT006,SI0072
DT006-SI0073,DT006,SI0073
DT006-SI0074,DT006,SI0074
DT006-SI0075,DT006,SI0075
DT006-SI0076,DT006,SI0076
DT006-SI0077,DT006,SI0077
DT006-SI0099,DT006,SI0099
DT006-SI0100,DT006,SI0100
DT006-SI0086,DT006,SI0086
DT006-SI0087,DT006,SI0087
DT006-SI0080,DT006,SI0080
DT006-SI0081,DT006,SI0081
DT006-SI0082,DT006,SI0082
DT006-SI0083,DT006,SI0083
DT006-SI0084,DT006,SI0084
DT006-SI0085,DT006,SI0085
DT006-SI0094,DT006,SI0094
DT006-SI0095,DT006,SI0095
DT006-SI0088,DT006,SI0088
DT006-SI0089,DT006,SI0089
DT006-SI0090,DT006,SI0090
DT006-SI0091,DT006,SI0091
DT006-SI0092,DT006,SI0092
DT006-SI0093,DT006,SI0093
DT006-SI0105,DT006,SI0105
DT006-SI0106,DT006,SI0106
DT006-SI0107,DT006,SI0107
DT006-SI0108,DT006,SI0108
DT006-SI0109,DT006,SI0109
DT006-SI0110,DT006,SI0110
DT006-SI0111,DT006,SI0111
DT006-SI0112,DT006,SI0112
DT006-SI0113,DT006,SI0113
DT006-SI0114,DT006,SI0114
DT006-SI0115,DT006,SI0115
DT006-SI0116,DT006,SI0116
DT006-SI0117,DT006,SI0117
DT006-SI0124,DT006,SI0124
DT006-SI0125,DT006,SI0125
DT006-SI0126,DT006,SI0126
DT006-SI0127,DT006,SI0127
DT006-SI0128,DT006,SI0128
DT006-SI0129,DT006,SI0129
DT006-SI0118,DT006,SI0118
DT006-SI0119,DT006,SI0119
DT006-SI0120,DT006,SI0120
DT006-SI0121,DT006,SI0121
DT006-SI0122,DT006,SI0122
DT006-SI0123,DT006,SI0123
DT006-SI0130,DT006,SI0130
DT006-SI0131,DT006,SI0131
DT006-SI0132,DT006,SI0132
DT007-SI0054,DT007,SI0054
DT007-SI0055,DT007,SI0055
DT007-SI0048,DT007,SI0048
DT007-SI0049,DT007,SI0049
DT007-SI0050,DT007,SI0050
DT007-SI0051,DT007,SI0051
DT007-SI0052,DT007,SI0052
DT007-SI0053,DT007,SI0053
DT007-SI0062,DT007,SI0062
DT007-SI0063,DT007,SI0063
DT007-SI0056,DT007,SI0056
DT007-SI0057,DT007,SI0057
DT007-SI0058,DT007,SI0058
DT007-SI0059,DT007,SI0059
DT007-SI0060,DT007,SI0060
DT007-SI0061,DT007,SI0061
DT007-SI0070,DT007,SI0070
DT007-SI0071,DT007,SI0071
DT007-SI0064,DT007,SI0064
DT007-SI0065,DT007,SI0065
DT007-SI0066,DT007,SI0066
DT007-SI0067,DT007,SI0067
DT007-SI0068,DT007,SI0068
DT007-SI0069,DT007,SI0069
DT007-SI0078,DT007,SI0078
DT007-SI0079,DT007,SI0079
DT007-SI0072,DT007,SI0072
DT007-SI0073,DT007,SI0073
DT007-SI0074,DT007,SI0074
DT007-SI0075,DT007,SI0075
DT007-SI0076,DT007,SI0076
DT007-SI0077,DT007,SI0077
DT007-SI0099,DT007,SI0099
DT007-SI0100,DT007,SI0100
DT007-SI0086,DT007,SI0086
DT007-SI0087,DT007,SI0087
DT007-SI0080,DT007,SI0080
DT007-SI0081,DT007,SI0081
DT007-SI0082,DT007,SI0082
DT007-SI0083,DT007,SI0083
DT007-SI0084,DT007,SI0084
DT007-SI0085,DT007,SI0085
DT007-SI0094,DT007,SI0094
DT007-SI0095,DT007,SI0095
DT007-SI0088,DT007,SI0088
DT007-SI0089,DT007,SI0089
DT007-SI0090,DT007,SI0090
DT007-SI0091,DT007,SI0091
DT007-SI0092,DT007,SI0092
DT007-SI0093,DT007,SI0093
DT007-SI0105,DT007,SI0105
DT007-SI0106,DT007,SI0106
DT007-SI0107,DT007,SI0107
DT007-SI0108,DT007,SI0108
DT007-SI0109,DT007,SI0109
DT007-SI0110,DT007,SI0110
DT007-SI0111,DT007,SI0111
DT007-SI0112,DT007,SI0112
DT007-SI0113,DT007,SI0113
DT007-SI0114,DT007,SI0114
DT007-SI0115,DT007,SI0115
DT007-SI0116,DT007,SI0116
DT007-SI0117,DT007,SI0117
DT007-SI0124,DT007,SI0124
DT007-SI0125,DT007,SI0125
DT007-SI0126,DT007,SI0126
DT007-SI0127,DT007,SI0127
DT007-SI0128,DT007,SI0128
DT007-SI0129,DT007,SI0129
DT007-SI0118,DT007,SI0118
DT007-SI0119,DT007,SI0119
DT007-SI0120,DT007,SI0120
DT007-SI0121,DT007,SI0121
DT007-SI0122,DT007,SI0122
DT007-SI0123,DT007,SI0123
DT007-SI0130,DT007,SI0130
DT007-SI0131,DT007,SI0131
DT007-SI0132,DT007,SI0132
DT008-SI0054,DT008,SI0054
DT008-SI0055,DT008,SI0055
DT008-SI0048,DT008,SI0048
DT008-SI0049,DT008,SI0049
DT008-SI0050,DT008,SI0050
DT008-SI0051,DT008,SI0051
DT008-SI0052,DT008,SI0052
DT008-SI0053,DT008,SI0053
DT008-SI0062,DT008,SI0062
DT008-SI0063,DT008,SI0063
DT008-SI0056,DT008,SI0056
DT008-SI0057,DT008,SI0057
DT008-SI0058,DT008,SI0058
DT008-SI0059,DT008,SI0059
DT008-SI0060,DT008,SI0060
DT008-SI0061,DT008,SI0061
DT008-SI0070,DT008,SI0070
DT008-SI0071,DT008,SI0071
DT008-SI0064,DT008,SI0064
DT008-SI0065,DT008,SI0065
DT008-SI0066,DT008,SI0066
DT008-SI0067,DT008,SI0067
DT008-SI0068,DT008,SI0068
DT008-SI0069,DT008,SI0069
DT008-SI0078,DT008,SI0078
DT008-SI0079,DT008,SI0079
DT008-SI0072,DT008,SI0072
DT008-SI0073,DT008,SI0073
DT008-SI0074,DT008,SI0074
DT008-SI0075,DT008,SI0075
DT008-SI0076,DT008,SI0076
DT008-SI0077,DT008,SI0077
DT008-SI0099,DT008,SI0099
DT008-SI0100,DT008,SI0100
DT008-SI0086,DT008,SI0086
DT008-SI0087,DT008,SI0087
DT008-SI0080,DT008,SI0080
DT008-SI0081,DT008,SI0081
DT008-SI0082,DT008,SI0082
DT008-SI0083,DT008,SI0083
DT008-SI0084,DT008,SI0084
DT008-SI0085,DT008,SI0085
DT008-SI0094,DT008,SI0094
DT008-SI0095,DT008,SI0095
DT008-SI0088,DT008,SI0088
DT008-SI0089,DT008,SI0089
DT008-SI0090,DT008,SI0090
DT008-SI0091,DT008,SI0091
DT008-SI0092,DT008,SI0092
DT008-SI0093,DT008,SI0093
DT008-SI0105,DT008,SI0105
DT008-SI0106,DT008,SI0106
DT008-SI0107,DT008,SI0107
DT008-SI0108,DT008,SI0108
DT008-SI0109,DT008,SI0109
DT008-SI0110,DT008,SI0110
DT008-SI0111,DT008,SI0111
DT008-SI0112,DT008,SI0112
DT008-SI0113,DT008,SI0113
DT008-SI0114,DT008,SI0114
DT008-SI0115,DT008,SI0115
DT008-SI0116,DT008,SI0116
DT008-SI0117,DT008,SI0117
DT008-SI0124,DT008,SI0124
DT008-SI0125,DT008,SI0125
DT008-SI0126,DT008,SI0126
DT008-SI0127,DT008,SI0127
DT008-SI0128,DT008,SI0128
DT008-SI0129,DT008,SI0129
DT008-SI0118,DT008,SI0118
DT008-SI0119,DT008,SI0119
DT008-SI0120,DT008,SI0120
DT008-SI0121,DT008,SI0121
DT008-SI0122,DT008,SI0122
DT008-SI0123,DT008,SI0123
DT008-SI0130,DT008,SI0130
DT008-SI0131,DT008,SI0131
DT008-SI0132,DT008,SI0132
DT009-SI0054,DT009,SI0054
DT009-SI0055,DT009,SI0055
DT009-SI0048,DT009,SI0048
DT009-SI0049,DT009,SI0049
DT009-SI0050,DT009,SI0050
DT009-SI0051,DT009,SI0051
DT009-SI0052,DT009,SI0052
DT009-SI0053,DT009,SI0053
DT009-SI0062,DT009,SI0062
DT009-SI0063,DT009,SI0063
DT009-SI0056,DT009,SI0056
DT009-SI0057,DT009,SI0057
DT009-SI0058,DT009,SI0058
DT009-SI0059,DT009,SI0059
DT009-SI0060,DT009,SI0060
DT009-SI0061,DT009,SI0061
DT009-SI0070,DT009,SI0070
DT009-SI0071,DT009,SI0071
DT009-SI0064,DT009,SI0064
DT009-SI0065,DT009,SI0065
DT009-SI0066,DT009,SI0066
DT009-SI0067,DT009,SI0067
DT009-SI0068,DT009,SI0068
DT009-SI0069,DT009,SI0069
DT009-SI0078,DT009,SI0078
DT009-SI0079,DT009,SI0079
DT009-SI0072,DT009,SI0072
DT009-SI0073,DT009,SI0073
DT009-SI0074,DT009,SI0074
DT009-SI0075,DT009,SI0075
DT009-SI0076,DT009,SI0076
DT009-SI0077,DT009,SI0077
DT009-SI0099,DT009,SI0099
DT009-SI0100,DT009,SI0100
DT009-SI0086,DT009,SI0086
DT009-SI0087,DT009,SI0087
DT009-SI0080,DT009,SI0080
DT009-SI0081,DT009,SI0081
DT009-SI0082,DT009,SI0082
DT009-SI0083,DT009,SI0083
DT009-SI0084,DT009,SI0084
DT009-SI0085,DT009,SI0085
DT009-SI0094,DT009,SI0094
DT009-SI0095,DT009,SI0095
DT009-SI0088,DT009,SI0088
DT009-SI0089,DT009,SI0089
DT009-SI0090,DT009,SI0090
DT009-SI0091,DT009,SI0091
DT009-SI0092,DT009,SI0092
DT009-SI0093,DT009,SI0093
DT009-SI0105,DT009,SI0105
DT009-SI0106,DT009,SI0106
DT009-SI0107,DT009,SI0107
DT009-SI0108,DT009,SI0108
DT009-SI0109,DT009,SI0109
DT009-SI0110,DT009,SI0110
DT009-SI0111,DT009,SI0111
DT009-SI0112,DT009,SI0112
DT009-SI0113,DT009,SI0113
DT009-SI0114,DT009,SI0114
DT009-SI0115,DT009,SI0115
DT009-SI0116,DT009,SI0116
DT009-SI0117,DT009,SI0117
DT009-SI0124,DT009,SI0124
DT009-SI0125,DT009,SI0125
DT009-SI0126,DT009,SI0126
DT009-SI0127,DT009,SI0127
DT009-SI0128,DT009,SI0128
DT009-SI0129,DT009,SI0129
DT009-SI0118,DT009,SI0118
DT009-SI0119,DT009,SI0119
DT009-SI0120,DT009,SI0120
DT009-SI0121,DT009,SI0121
DT009-SI0122,DT009,SI0122
DT009-SI0123,DT009,SI0123
DT009-SI0130,DT009,SI0130
DT009-SI0131,DT009,SI0131
DT009-SI0132,DT009,SI0132
DT010-SI0054,DT010,SI0054
DT010-SI0055,DT010,SI0055
DT010-SI0048,DT010,SI0048
DT010-SI0049,DT010,SI0049
DT010-SI0050,DT010,SI0050
DT010-SI0051,DT010,SI0051
DT010-SI0052,DT010,SI0052
DT010-SI0053,DT010,SI0053
DT010-SI0062,DT010,SI0062
DT010-SI0063,DT010,SI0063
DT010-SI0056,DT010,SI0056
DT010-SI0057,DT010,SI0057
DT010-SI0058,DT010,SI0058
DT010-SI0059,DT010,SI0059
DT010-SI0060,DT010,SI0060
DT010-SI0061,DT010,SI0061
DT010-SI0070,DT010,SI0070
DT010-SI0071,DT010,SI0071
DT010-SI0064,DT010,SI0064
DT010-SI0065,DT010,SI0065
DT010-SI0066,DT010,SI0066
DT010-SI0067,DT010,SI0067
DT010-SI0068,DT010,SI0068
DT010-SI0069,DT010,SI0069
DT010-SI0078,DT010,SI0078
DT010-SI0079,DT010,SI0079
DT010-SI0072,DT010,SI0072
DT010-SI0073,DT010,SI0073
DT010-SI0074,DT010,SI0074
DT010-SI0075,DT010,SI0075
DT010-SI0076,DT010,SI0076
DT010-SI0077,DT010,SI0077
DT010-SI0099,DT010,SI0099
DT010-SI0100,DT010,SI0100
DT010-SI0086,DT010,SI0086
DT010-SI0087,DT010,SI0087
DT010-SI0080,DT010,SI0080
DT010-SI0081,DT010,SI0081
DT010-SI0082,DT010,SI0082
DT010-SI0083,DT010,SI0083
DT010-SI0084,DT010,SI0084
DT010-SI0085,DT010,SI0085
DT010-SI0094,DT010,SI0094
DT010-SI0095,DT010,SI0095
DT010-SI0088,DT010,SI0088
DT010-SI0089,DT010,SI0089
DT010-SI0090,DT010,SI0090
DT010-SI0091,DT010,SI0091
DT010-SI0092,DT010,SI0092
DT010-SI0093,DT010,SI0093
DT010-SI0105,DT010,SI0105
DT010-SI0106,DT010,SI0106
DT010-SI0107,DT010,SI0107
DT010-SI0108,DT010,SI0108
DT010-SI0109,DT010,SI0109
DT010-SI0110,DT010,SI0110
DT010-SI0111,DT010,SI0111
DT010-SI0112,DT010,SI0112
DT010-SI0113,DT010,SI0113
DT010-SI0114,DT010,SI0114
DT010-SI0115,DT010,SI0115
DT010-SI0116,DT010,SI0116
DT010-SI0117,DT010,SI0117
DT010-SI0124,DT010,SI0124
DT010-SI0125,DT010,SI0125
DT010-SI0126,DT010,SI0126
DT010-SI0127,DT010,SI0127
DT010-SI0128,DT010,SI0128
DT010-SI0129,DT010,SI0129
DT010-SI0118,DT010,SI0118
DT010-SI0119,DT010,SI0119
DT010-SI0120,DT010,SI0120
DT010-SI0121,DT010,SI0121
DT010-SI0122,DT010,SI0122
DT010-SI0123,DT010,SI0123
DT010-SI0130,DT010,SI0130
DT010-SI0131,DT010,SI0131
DT010-SI0132,DT010,SI0132
DT011-SI0145,DT011,SI0145
DT011-SI0148,DT011,SI0148
DT011-SI0149,DT011,SI0149
DT011-SI0152,DT011,SI0152
DT011-SI0154,DT011,SI0154
DT011-SI0157,DT011,SI0157
DT011-SI0159,DT011,SI0159
DT011-SI0163,DT011,SI0163
DT011-SI0171,DT011,SI0171
DT011-SI0173,DT011,SI0173
DT011-SI0164,DT011,SI0164
DT011-SI0167,DT011,SI0167
DT011-SI0175,DT011,SI0175
DT012-SI0044,DT012,SI0044
DT013-SI0274,DT013,SI0274
DT013-SI0275,DT013,SI0275
DT013-SI0268,DT013,SI0268
DT013-SI0269,DT013,SI0269
DT013-SI0270,DT013,SI0270
DT013-SI0271,DT013,SI0271
DT013-SI0272,DT013,SI0272
DT013-SI0273,DT013,SI0273
DT013-SI0282,DT013,SI0282
DT013-SI0283,DT013,SI0283
DT013-SI0276,DT013,SI0276
DT013-SI0277,DT013,SI0277
DT013-SI0278,DT013,SI0278
DT013-SI0279,DT013,SI0279
DT013-SI0280,DT013,SI0280
DT013-SI0281,DT013,SI0281
DT013-SI0290,DT013,SI0290
DT013-SI0291,DT013,SI0291
DT013-SI0284,DT013,SI0284
DT013-SI0285,DT013,SI0285
DT013-SI0286,DT013,SI0286
DT013-SI0287,DT013,SI0287
DT013-SI0288,DT013,SI0288
DT013-SI0289,DT013,SI0289
DT013-SI0298,DT013,SI0298
DT013-SI0299,DT013,SI0299
DT013-SI0292,DT013,SI0292
DT013-SI0293,DT013,SI0293
DT013-SI0294,DT013,SI0294
DT013-SI0295,DT013,SI0295
DT013-SI0296,DT013,SI0296
DT013-SI0297,DT013,SI0297
DT013-SI0317,DT013,SI0317
DT013-SI0318,DT013,SI0318
DT013-SI0306,DT013,SI0306
DT013-SI0307,DT013,SI0307
DT013-SI0300,DT013,SI0300
DT013-SI0301,DT013,SI0301
DT013-SI0302,DT013,SI0302
DT013-SI0303,DT013,SI0303
DT013-SI0304,DT013,SI0304
DT013-SI0305,DT013,SI0305
DT013-SI0314,DT013,SI0314
DT013-SI0315,DT013,SI0315
DT013-SI0308,DT013,SI0308
DT013-SI0309,DT013,SI0309
DT013-SI0310,DT013,SI0310
DT013-SI0311,DT013,SI0311
DT013-SI0312,DT013,SI0312
DT013-SI0313,DT013,SI0313
DT013-SI0323,DT013,SI0323
DT013-SI0324,DT013,SI0324
DT013-SI0325,DT013,SI0325
DT013-SI0326,DT013,SI0326
DT013-SI0327,DT013,SI0327
DT013-SI0328,DT013,SI0328
DT013-SI0329,DT013,SI0329
DT013-SI0330,DT013,SI0330
DT013-SI0331,DT013,SI0331
DT013-SI0332,DT013,SI0332
DT013-SI0333,DT013,SI0333
DT013-SI0334,DT013,SI0334
DT013-SI0335,DT013,SI0335
DT013-SI0342,DT013,SI0342
DT013-SI0343,DT013,SI0343
DT013-SI0344,DT013,SI0344
DT013-SI0345,DT013,SI0345
DT013-SI0346,DT013,SI0346
DT013-SI0347,DT013,SI0347
DT013-SI0336,DT013,SI0336
DT013-SI0337,DT013,SI0337
DT013-SI0338,DT013,SI0338
DT013-SI0339,DT013,SI0339
DT013-SI0340,DT013,SI0340
DT013-SI0341,DT013,SI0341
DT013-SI0348,DT013,SI0348
DT013-SI0349,DT013,SI0349
DT013-SI0350,DT013,SI0350
DT014-SI0274,DT014,SI0274
DT014-SI0275,DT014,SI0275
DT014-SI0268,DT014,SI0268
DT014-SI0269,DT014,SI0269
DT014-SI0270,DT014,SI0270
DT014-SI0271,DT014,SI0271
DT014-SI0272,DT014,SI0272
DT014-SI0273,DT014,SI0273
DT014-SI0282,DT014,SI0282
DT014-SI0283,DT014,SI0283
DT014-SI0276,DT014,SI0276
DT014-SI0277,DT014,SI0277
DT014-SI0278,DT014,SI0278
DT014-SI0279,DT014,SI0279
DT014-SI0280,DT014,SI0280
DT014-SI0281,DT014,SI0281
DT014-SI0290,DT014,SI0290
DT014-SI0291,DT014,SI0291
DT014-SI0284,DT014,SI0284
DT014-SI0285,DT014,SI0285
DT014-SI0286,DT014,SI0286
DT014-SI0287,DT014,SI0287
DT014-SI0288,DT014,SI0288
DT014-SI0289,DT014,SI0289
DT014-SI0298,DT014,SI0298
DT014-SI0299,DT014,SI0299
DT014-SI0292,DT014,SI0292
DT014-SI0293,DT014,SI0293
DT014-SI0294,DT014,SI0294
DT014-SI0295,DT014,SI0295
DT014-SI0296,DT014,SI0296
DT014-SI0297,DT014,SI0297
DT014-SI0317,DT014,SI0317
DT014-SI0318,DT014,SI0318
DT014-SI0306,DT014,SI0306
DT014-SI0307,DT014,SI0307
DT014-SI0300,DT014,SI0300
DT014-SI0301,DT014,SI0301
DT014-SI0302,DT014,SI0302
DT014-SI0303,DT014,SI0303
DT014-SI0304,DT014,SI0304
DT014-SI0305,DT014,SI0305
DT014-SI0314,DT014,SI0314
DT014-SI0315,DT014,SI0315
DT014-SI0308,DT014,SI0308
DT014-SI0309,DT014,SI0309
DT014-SI0310,DT014,SI0310
DT014-SI0311,DT014,SI0311
DT014-SI0312,DT014,SI0312
DT014-SI0313,DT014,SI0313
DT014-SI0323,DT014,SI0323
DT014-SI0324,DT014,SI0324
DT014-SI0325,DT014,SI0325
DT014-SI0326,DT014,SI0326
DT014-SI0327,DT014,SI0327
DT014-SI0328,DT014,SI0328
DT014-SI0329,DT014,SI0329
DT014-SI0330,DT014,SI0330
DT014-SI0331,DT014,SI0331
DT014-SI0332,DT014,SI0332
DT014-SI0333,DT014,SI0333
DT014-SI0334,DT014,SI0334
DT014-SI0335,DT014,SI0335
DT014-SI0342,DT014,SI0342
DT014-SI0343,DT014,SI0343
DT014-SI0344,DT014,SI0344
DT014-SI0345,DT014,SI0345
DT014-SI0346,DT014,SI0346
DT014-SI0347,DT014,SI0347
DT014-SI0336,DT014,SI0336
DT014-SI0337,DT014,SI0337
DT014-SI0338,DT014,SI0338
DT014-SI0339,DT014,SI0339
DT014-SI0340,DT014,SI0340
DT014-SI0341,DT014,SI0341
DT014-SI0348,DT014,SI0348
DT014-SI0349,DT014,SI0349
DT014-SI0350,DT014,SI0350
DT015-SI0274,DT015,SI0274
DT015-SI0275,DT015,SI0275
DT015-SI0268,DT015,SI0268
DT015-SI0269,DT015,SI0269
DT015-SI0270,DT015,SI0270
DT015-SI0271,DT015,SI0271
DT015-SI0272,DT015,SI0272
DT015-SI0273,DT015,SI0273
DT015-SI0282,DT015,SI0282
DT015-SI0283,DT015,SI0283
DT015-SI0276,DT015,SI0276
DT015-SI0277,DT015,SI0277
DT015-SI0278,DT015,SI0278
DT015-SI0279,DT015,SI0279
DT015-SI0280,DT015,SI0280
DT015-SI0281,DT015,SI0281
DT015-SI0290,DT015,SI0290
DT015-SI0291,DT015,SI0291
DT015-SI0284,DT015,SI0284
DT015-SI0285,DT015,SI0285
DT015-SI0286,DT015,SI0286
DT015-SI0287,DT015,SI0287
DT015-SI0288,DT015,SI0288
DT015-SI0289,DT015,SI0289
DT015-SI0298,DT015,SI0298
DT015-SI0299,DT015,SI0299
DT015-SI0292,DT015,SI0292
DT015-SI0293,DT015,SI0293
DT015-SI0294,DT015,SI0294
DT015-SI0295,DT015,SI0295
DT015-SI0296,DT015,SI0296
DT015-SI0297,DT015,SI0297
DT015-SI0317,DT015,SI0317
DT015-SI0318,DT015,SI0318
DT015-SI0306,DT015,SI0306
DT015-SI0307,DT015,SI0307
DT015-SI0300,DT015,SI0300
DT015-SI0301,DT015,SI0301
DT015-SI0302,DT015,SI0302
DT015-SI0303,DT015,SI0303
DT015-SI0304,DT015,SI0304
DT015-SI0305,DT015,SI0305
DT015-SI0314,DT015,SI0314
DT015-SI0315,DT015,SI0315
DT015-SI0308,DT015,SI0308
DT015-SI0309,DT015,SI0309
DT015-SI0310,DT015,SI0310
DT015-SI0311,DT015,SI0311
DT015-SI0312,DT015,SI0312
DT015-SI0313,DT015,SI0313
DT015-SI0323,DT015,SI0323
DT015-SI0324,DT015,SI0324
DT015-SI0325,DT015,SI0325
DT015-SI0326,DT015,SI0326
DT015-SI0327,DT015,SI0327
DT015-SI0328,DT015,SI0328
DT015-SI0329,DT015,SI0329
DT015-SI0330,DT015,SI0330
DT015-SI0331,DT015,SI0331
DT015-SI0332,DT015,SI0332
DT015-SI0333,DT015,SI0333
DT015-SI0334,DT015,SI0334
DT015-SI0335,DT015,SI0335
DT015-SI0342,DT015,SI0342
DT015-SI0343,DT015,SI0343
DT015-SI0344,DT015,SI0344
DT015-SI0345,DT015,SI0345
DT015-SI0346,DT015,SI0346
DT015-SI0347,DT015,SI0347
DT015-SI0336,DT015,SI0336
DT015-SI0337,DT015,SI0337
DT015-SI0338,DT015,SI0338
DT015-SI0339,DT015,SI0339
DT015-SI0340,DT015,SI0340
DT015-SI0341,DT015,SI0341
DT015-SI0348,DT015,SI0348
DT015-SI0349,DT015,SI0349
DT015-SI0350,DT015,SI0350
DT016-SI0274,DT016,SI0274
DT016-SI0275,DT016,SI0275
DT016-SI0268,DT016,SI0268
DT016-SI0269,DT016,SI0269
DT016-SI0270,DT016,SI0270
DT016-SI0271,DT016,SI0271
DT016-SI0272,DT016,SI0272
DT016-SI0273,DT016,SI0273
DT016-SI0282,DT016,SI0282
DT016-SI0283,DT016,SI0283
DT016-SI0276,DT016,SI0276
DT016-SI0277,DT016,SI0277
DT016-SI0278,DT016,SI0278
DT016-SI0279,DT016,SI0279
DT016-SI0280,DT016,SI0280
DT016-SI0281,DT016,SI0281
DT016-SI0290,DT016,SI0290
DT016-SI0291,DT016,SI0291
DT016-SI0284,DT016,SI0284
DT016-SI0285,DT016,SI0285
DT016-SI0286,DT016,SI0286
DT016-SI0287,DT016,SI0287
DT016-SI0288,DT016,SI0288
DT016-SI0289,DT016,SI0289
DT016-SI0298,DT016,SI0298
DT016-SI0299,DT016,SI0299
DT016-SI0292,DT016,SI0292
DT016-SI0293,DT016,SI0293
DT016-SI0294,DT016,SI0294
DT016-SI0295,DT016,SI0295
DT016-SI0296,DT016,SI0296
DT016-SI0297,DT016,SI0297
DT016-SI0317,DT016,SI0317
DT016-SI0318,DT016,SI0318
DT016-SI0306,DT016,SI0306
DT016-SI0307,DT016,SI0307
DT016-SI0300,DT016,SI0300
DT016-SI0301,DT016,SI0301
DT016-SI0302,DT016,SI0302
DT016-SI0303,DT016,SI0303
DT016-SI0304,DT016,SI0304
DT016-SI0305,DT016,SI0305
DT016-SI0314,DT016,SI0314
DT016-SI0315,DT016,SI0315
DT016-SI0308,DT016,SI0308
DT016-SI0309,DT016,SI0309
DT016-SI0310,DT016,SI0310
DT016-SI0311,DT016,SI0311
DT016-SI0312,DT016,SI0312
DT016-SI0313,DT016,SI0313
DT016-SI0323,DT016,SI0323
DT016-SI0324,DT016,SI0324
DT016-SI0325,DT016,SI0325
DT016-SI0326,DT016,SI0326
DT016-SI0327,DT016,SI0327
DT016-SI0328,DT016,SI0328
DT016-SI0329,DT016,SI0329
DT016-SI0330,DT016,SI0330
DT016-SI0331,DT016,SI0331
DT016-SI0332,DT016,SI0332
DT016-SI0333,DT016,SI0333
DT016-SI0334,DT016,SI0334
DT016-SI0335,DT016,SI0335
DT016-SI0342,DT016,SI0342
DT016-SI0343,DT016,SI0343
DT016-SI0344,DT016,SI0344
DT016-SI0345,DT016,SI0345
DT016-SI0346,DT016,SI0346
DT016-SI0347,DT016,SI0347
DT016-SI0336,DT016,SI0336
DT016-SI0337,DT016,SI0337
DT016-SI0338,DT016,SI0338
DT016-SI0339,DT016,SI0339
DT016-SI0340,DT016,SI0340
DT016-SI0341,DT016,SI0341
DT016-SI0348,DT016,SI0348
DT016-SI0349,DT016,SI0349
DT016-SI0350,DT016,SI0350
DT017-SI0274,DT017,SI0274
DT017-SI0275,DT017,SI0275
DT017-SI0268,DT017,SI0268
DT017-SI0269,DT017,SI0269
DT017-SI0270,DT017,SI0270
DT017-SI0271,DT017,SI0271
DT017-SI0272,DT017,SI0272
DT017-SI0273,DT017,SI0273
DT017-SI0282,DT017,SI0282
DT017-SI0283,DT017,SI0283
DT017-SI0276,DT017,SI0276
DT017-SI0277,DT017,SI0277
DT017-SI0278,DT017,SI0278
DT017-SI0279,DT017,SI0279
DT017-SI0280,DT017,SI0280
DT017-SI0281,DT017,SI0281
DT017-SI0290,DT017,SI0290
DT017-SI0291,DT017,SI0291
DT017-SI0284,DT017,SI0284
DT017-SI0285,DT017,SI0285
DT017-SI0286,DT017,SI0286
DT017-SI0287,DT017,SI0287
DT017-SI0288,DT017,SI0288
DT017-SI0289,DT017,SI0289
DT017-SI0298,DT017,SI0298
DT017-SI0299,DT017,SI0299
DT017-SI0292,DT017,SI0292
DT017-SI0293,DT017,SI0293
DT017-SI0294,DT017,SI0294
DT017-SI0295,DT017,SI0295
DT017-SI0296,DT017,SI0296
DT017-SI0297,DT017,SI0297
DT017-SI0317,DT017,SI0317
DT017-SI0318,DT017,SI0318
DT017-SI0306,DT017,SI0306
DT017-SI0307,DT017,SI0307
DT017-SI0300,DT017,SI0300
DT017-SI0301,DT017,SI0301
DT017-SI0302,DT017,SI0302
DT017-SI0303,DT017,SI0303
DT017-SI0304,DT017,SI0304
DT017-SI0305,DT017,SI0305
DT017-SI0314,DT017,SI0314
DT017-SI0315,DT017,SI0315
DT017-SI0308,DT017,SI0308
DT017-SI0309,DT017,SI0309
DT017-SI0310,DT017,SI0310
DT017-SI0311,DT017,SI0311
DT017-SI0312,DT017,SI0312
DT017-SI0313,DT017,SI0313
DT017-SI0323,DT017,SI0323
DT017-SI0324,DT017,SI0324
DT017-SI0325,DT017,SI0325
DT017-SI0326,DT017,SI0326
DT017-SI0327,DT017,SI0327
DT017-SI0328,DT017,SI0328
DT017-SI0329,DT017,SI0329
DT017-SI0330,DT017,SI0330
DT017-SI0331,DT017,SI0331
DT017-SI0332,DT017,SI0332
DT017-SI0333,DT017,SI0333
DT017-SI0334,DT017,SI0334
DT017-SI0335,DT017,SI0335
DT017-SI0342,DT017,SI0342
DT017-SI0343,DT017,SI0343
DT017-SI0344,DT017,SI0344
DT017-SI0345,DT017,SI0345
DT017-SI0346,DT017,SI0346
DT017-SI0347,DT017,SI0347
DT017-SI0336,DT017,SI0336
DT017-SI0337,DT017,SI0337
DT017-SI0338,DT017,SI0338
DT017-SI0339,DT017,SI0339
DT017-SI0340,DT017,SI0340
DT017-SI0341,DT017,SI0341
DT017-SI0348,DT017,SI0348
DT017-SI0349,DT017,SI0349
DT017-SI0350,DT017,SI0350
DT018-SI0363,DT018,SI0363
DT018-SI0364,DT018,SI0364
DT018-SI0365,DT018,SI0365
DT018-SI0366,DT018,SI0366
DT018-SI0368,DT018,SI0368
DT018-SI0369,DT018,SI0369
DT018-SI0371,DT018,SI0371
DT018-SI0373,DT018,SI0373
DT018-SI0378,DT018,SI0378
DT018-SI0379,DT018,SI0379
DT018-SI0374,DT018,SI0374
DT018-SI0376,DT018,SI0376
DT018-SI0380,DT018,SI0380
